,author,title,description,url,urlToImage,publishedAt,content,source.id,source.name,published_date,published_time
0,Reuters Editorial,Iran seizes a foreign oil tanker in Gulf smuggling fuel to some Arab states: TV,"Iran's Revolutionary Guards Corps has seized a foreign oil tanker in the Gulf that was smuggling fuel to some Arab states, Iran's state TV reported, adding that seven sailors onboard of the tanker had been detained.",https://www.reuters.com/article/us-mideast-iran-tanker-idUSKCN1UU08Y,https://s4.reutersmedia.net/resources_v2/images/rcom-default.png,2019-08-04T09:06:44Z,"DUBAI (Reuters) - Iran’s Revolutionary Guards Corps has seized a foreign oil tanker in the Gulf that was smuggling fuel to some Arab states, Iran’s state TV reported, adding that seven sailors onboard of the tanker had been detained. 
“The IRGC’s naval force… [+492 chars]",reuters,Reuters,2019-08-04,09:06:44
1,Reuters Editorial,Iranian tanker's owner says ship will head to Mediterranean ports - report,"The owner of an Iranian oil tanker that was seized off Gibraltar says the ship will head to Mediterranean ports, an Iranian maritime official was quoted as saying on Thursday, after Gibraltar decided to free the tanker.",https://www.reuters.com/article/us-mideast-iran-tanker-owner-idUSKCN1V5217,https://s4.reutersmedia.net/resources_v2/images/rcom-default.png,2019-08-15T17:07:22Z,"DUBAI (Reuters) - The owner of an Iranian oil tanker that was seized off Gibraltar says the ship will head to Mediterranean ports, an Iranian maritime official was quoted as saying on Thursday, after Gibraltar decided to free the tanker. 
“According to an an… [+541 chars]",reuters,Reuters,2019-08-15,17:07:22
2,Reuters Editorial,Britain says Iranian tanker investigation is a matter for Gibraltar,Britain said on Tuesday that investigations into the Iranian oil tanker Grace 1 were a matter for Gibraltar.,https://www.reuters.com/article/us-mideast-iran-tanker-britain-idUSKCN1V313F,https://s4.reutersmedia.net/resources_v2/images/rcom-default.png,2019-08-13T12:05:51Z,"LONDON (Reuters) - Britain said on Tuesday that investigations into the Iranian oil tanker Grace 1 were a matter for Gibraltar. 
“The investigations being conducted around the Grace 1 are a matter for the government of Gibraltar,” a Foreign Office spokesman … [+137 chars]",reuters,Reuters,2019-08-13,12:05:51
3,Reuters Editorial,Greece says will not help Iranian tanker to reach Syria,"Greece will not facilitate an Iranian tanker sailing in the Mediterranean to deliver oil to Syria, the country's deputy foreign minister said on Wednesday.",https://www.reuters.com/article/us-mideast-iran-tanker-greece-idUSKCN1VB0QU,https://s4.reutersmedia.net/resources_v2/images/rcom-default.png,2019-08-21T08:37:10Z,"ATHENS (Reuters) - Greece will not facilitate an Iranian tanker sailing in the Mediterranean to deliver oil to Syria, the country’s deputy foreign minister said on Wednesday. 
“We want to send a message that we are not willing to facilitate the course of thi… [+135 chars]",reuters,Reuters,2019-08-21,08:37:10
4,Reuters Editorial,Iran warns U.S. against seizing released Iranian oil tanker,"Iran has warned the United States against any new attempt to seize an Iranian oil tanker in open seas after it left Gibraltar, the Iranian Foreign Ministry spokesman said on state television on Monday.",https://www.reuters.com/article/us-mideast-iran-tanker-usa-idUSKCN1V90G2,https://s4.reutersmedia.net/resources_v2/images/rcom-default.png,2019-08-19T06:31:55Z,"DUBAI (Reuters) - Iran has warned the United States against any new attempt to seize an Iranian oil tanker in open seas after it left Gibraltar, the Iranian Foreign Ministry spokesman said on state television on Monday. 
The Iranian tanker caught in a stando… [+655 chars]",reuters,Reuters,2019-08-19,06:31:55
5,Reuters Editorial,Britain's seizure of Iranian oil tanker was illegal and will be detrimental for Britain: Iran president,"Britain's seizure of an Iranian oil tanker off Gibraltar was illegal and will be detrimental for Britain, Iran's President Hassan Rouhani said on Sunday, according to the official presidency website.",https://www.reuters.com/article/us-mideast-iran-tanker-idUSKCN1UN0ED,https://s2.reutersmedia.net/resources/r/?m=02&d=20190728&t=2&i=1412882667&w=1200&r=LYNXNPEF6R09E,2019-07-28T11:41:29Z,"GENEVA (Reuters) - Britain’s seizure of an Iranian oil tanker off Gibraltar was illegal and will be detrimental for Britain, Iran’s President Hassan Rouhani said on Sunday, according to the official presidency website. 
British forces captured an Iranian oil… [+284 chars]",reuters,Reuters,2019-07-28,11:41:29
6,Reuters Editorial,"U.S. failed to stop release of oil tanker, says Iran envoy in London","The Iranian ambassador in London accused the United States of desperately trying to stop the authorities in Gibraltar from releasing the Grace 1 Iranian oil tanker, saying the American effort had been defeated.",https://www.reuters.com/article/us-mideast-iran-tanker-envoy-idUSKCN1V51QC,https://s4.reutersmedia.net/resources_v2/images/rcom-default.png,2019-08-15T15:01:58Z,"LONDON (Reuters) - The Iranian ambassador in London accused the United States of desperately trying to stop the authorities in Gibraltar from releasing the Grace 1 Iranian oil tanker, saying the American effort had been defeated. 
“America desperately tried … [+351 chars]",reuters,Reuters,2019-08-15,15:01:58
7,Reuters Editorial,Release of Iranian tanker 'unfortunate': U.S. Secretary of State Pompeo,U.S. Secretary of State Mike Pompeo said in a television interview on Monday that it was unfortunate an Iranian oil tanker detained off Gibraltar had been allowed to leave.,https://www.reuters.com/article/us-mideast-iran-tanker-pompeo-idUSKCN1V9233,https://s3.reutersmedia.net/resources/r/?m=02&d=20190819&t=2&i=1420675758&w=1200&r=LYNXNPEF7I1KQ,2019-08-19T23:48:23Z,"WASHINGTON (Reuters) - U.S. Secretary of State Mike Pompeo said in a television interview on Monday that it was unfortunate an Iranian oil tanker detained off Gibraltar had been allowed to leave. 
“It’s unfortunate that that happened,” Pompeo told Fox News C… [+270 chars]",reuters,Reuters,2019-08-19,23:48:23
8,Marco Trujillo,U.S. issues warrant to seize Iranian tanker off Gibraltar,The United States has issued a warrant to seize an Iranian oil tanker caught in the standoff between Tehran and the West in a last ditch effort to prevent the vessel from leaving Gibraltar.,https://www.reuters.com/article/us-mideast-iran-tanker-idUSKCN1V7055,https://s3.reutersmedia.net/resources/r/?m=02&d=20190817&t=2&i=1419809841&w=1200&r=LYNXNPEF7G056,2019-08-17T07:57:18Z,"GIBRALTAR (Reuters) - The United States has issued a warrant to seize an Iranian oil tanker caught in the standoff between Tehran and the West in a last ditch effort to prevent the vessel from leaving Gibraltar. 
The Grace 1 was seized by British Royal Marin… [+2105 chars]",reuters,Reuters,2019-08-17,07:57:18
9,Reuters Editorial,"U.S. has applied to seize Grace 1 tanker, Gibraltar says","The U.S. Department of Justice has applied to seize the Iranian tanker Grace 1, which is being held in Gibraltar on suspicion of smuggling oil to Syria in breach of European Union sanctions, the British overseas territory said on Thursday.",https://www.reuters.com/article/us-mideast-iran-tanker-gibraltar-stateme-idUSKCN1V50WQ,https://s3.reutersmedia.net/resources/r/?m=02&d=20190815&t=2&i=1419141116&w=1200&r=LYNXNPEF7E0RO,2019-08-15T09:46:46Z,"LONDON (Reuters) - The U.S. Department of Justice has applied to seize the Iranian tanker Grace 1, which is being held in Gibraltar on suspicion of smuggling oil to Syria in breach of European Union sanctions, the British overseas territory said on Thursday. … [+312 chars]",reuters,Reuters,2019-08-15,09:46:46
10,Reuters Editorial,Iran says seized oil tanker in Gulf was an Iraqi vessel: IRNA,"Iran said on Sunday that an oil tanker sized by its elite forces in the Gulf for smuggling fuel was an Iraqi ship, the official IRNA news agency reported.",https://www.reuters.com/article/us-mideast-iran-tanker-iraq-idUSKCN1UU0JJ,https://s4.reutersmedia.net/resources_v2/images/rcom-default.png,2019-08-04T16:55:44Z,"DUBAI (Reuters) - Iran said on Sunday that an oil tanker sized by its elite forces in the Gulf for smuggling fuel was an Iraqi ship, the official IRNA news agency reported. 
“The oil tanker that was captured on Wednesday for smuggling Iran’s fuel to other co… [+135 chars]",reuters,Reuters,2019-08-04,16:55:44
11,Reuters Editorial,Iran tanker prepares to leave after Gibraltar decides to free it: TV,"An Iranian oil tanker is being reflagged and is preparing to sail to the Mediterranean, Iran's state television reported on Friday, after Gibraltar decided to free the seized ship.",https://www.reuters.com/article/us-mideast-iran-tanker-idUSKCN1V60A2,https://s3.reutersmedia.net/resources/r/?m=02&d=20190816&t=2&i=1419420861&w=1200&r=LYNXNPEF7F066,2019-08-16T04:45:19Z,"DUBAI (Reuters) - An Iranian oil tanker is being reflagged and is preparing to sail to the Mediterranean, Iran’s state television reported on Friday, after Gibraltar decided to free the seized ship. 
“Based on the owner’s request, the oil tanker Grace 1 will… [+1514 chars]",reuters,Reuters,2019-08-16,04:45:19
12,Reuters Editorial,Iran's Revolutionary Guards publish purported exchange with British warship during British tanker seizure,"Iran's elite Revolutionary Guards published footage on Monday purportedly showing the Guards warning off a British warship during their July 19 seizure of a British-flagged oil tanker near the Strait of Hormuz, according to the Tasnim news agency.",https://www.reuters.com/article/us-mideast-iran-tanker-britain-idUSKCN1UO0S9,https://s4.reutersmedia.net/resources_v2/images/rcom-default.png,2019-07-29T07:59:10Z,"GENEVA (Reuters) - Iran’s elite Revolutionary Guards published footage on Monday purportedly showing the Guards warning off a British warship during their July 19 seizure of a British-flagged oil tanker near the Strait of Hormuz, according to the Tasnim news … [+466 chars]",reuters,Reuters,2019-07-29,07:59:10
13,Reuters Editorial,Stena Bulk tanker seized by Iran could be released soon: Sweden's SVT broadcaster,"Sweden has received ""very strong indications"" that a British oil tanker seized last month by Iran in the Strait of Hormuz is to be released soon, Swedish public service broadcaster SVT reported on Thursday, citing sources within Sweden's foreign ministry.",https://www.reuters.com/article/us-mideast-iran-tanker-stena-idUSKCN1VC25X,https://s4.reutersmedia.net/resources/r/?m=02&d=20190822&t=2&i=1421648477&w=1200&r=LYNXNPEF7L1QX,2019-08-22T17:33:23Z,"STOCKHOLM (Reuters) - Sweden has received “very strong indications” that a British oil tanker seized last month by Iran in the Strait of Hormuz is to be released soon, Swedish public service broadcaster SVT reported on Thursday, citing sources within Sweden’s… [+894 chars]",reuters,Reuters,2019-08-22,17:33:23
14,Reuters Editorial,Greece says it has had no request from Iranian oil tanker to dock,"Greece said on Tuesday it had had no request for an oil tanker at the center of a row between Iran and the U.S. to dock at one of its ports, as Washington warned Greece against helping the vessel.",https://www.reuters.com/article/us-mideast-iran-tanker-greece-idUSKCN1VA104,https://s3.reutersmedia.net/resources/r/?m=02&d=20190820&t=2&i=1420829314&w=1200&r=LYNXNPEF7J0LK,2019-08-20T10:49:45Z,"ATHENS (Reuters) - Greece said on Tuesday it had had no request for an oil tanker at the center of a row between Iran and the U.S. to dock at one of its ports, as Washington warned Greece against helping the vessel. 
The Adrian Darya 1 - formerly the Grace 1… [+440 chars]",reuters,Reuters,2019-08-20,10:49:45
15,Reuters Editorial,Gibraltar seeks to ease tanker standoff with Iran,Gibraltar said on Tuesday it was seeking to de-escalate issues arising with Iran since the detention of the Grace 1 tanker.,https://www.reuters.com/article/us-mideast-iran-tanker-gibraltor-idUSKCN1V30O1,https://s4.reutersmedia.net/resources_v2/images/rcom-default.png,2019-08-13T09:02:16Z,"LONDON (Reuters) - Gibraltar said on Tuesday it was seeking to de-escalate issues arising with Iran since the detention of the Grace 1 tanker. 
British Royal Marines seized the Iranian oil tanker on July 4 off the coast of the British Mediterranean territory… [+370 chars]",reuters,Reuters,2019-08-13,09:02:16
16,Reuters Editorial,U.S. has conveyed its 'strong position' to Greece about Iranian tanker: official,"The United States has conveyed its ""strong position"" to the Greek government about an Iranian tanker that sailed for Greece on Monday after it was freed from detention off Gibraltar and Washington says is carrying oil to Syria, a State Department official sai…",https://www.reuters.com/article/us-mideast-iran-tanker-usa-greece-idUSKCN1V920F,https://s4.reutersmedia.net/resources_v2/images/rcom-default.png,2019-08-19T22:45:44Z,"WASHINGTON (Reuters) - The United States has conveyed its “strong position” to the Greek government about an Iranian tanker that sailed for Greece on Monday after it was freed from detention off Gibraltar and Washington says is carrying oil to Syria, a State … [+910 chars]",reuters,Reuters,2019-08-19,22:45:44
17,Reuters Editorial,Britain rejects idea of tanker swap with Iran,Britain on Monday rejected the idea that it could release a Iranian tanker in exchange for a British-flagged vessel seized by the Islamic Republic in the Gulf.,https://www.reuters.com/article/us-mideast-iran-tanker-britain-idUSKCN1UO0R7,https://s4.reutersmedia.net/resources_v2/images/rcom-default.png,2019-07-29T07:45:28Z,"LONDON (Reuters) - Britain on Monday rejected the idea that it could release a Iranian tanker in exchange for a British-flagged vessel seized by the Islamic Republic in the Gulf. 
Tensions have spiked between Iran and Britain since after Iranian commandos se… [+480 chars]",reuters,Reuters,2019-07-29,07:45:28
18,Roslan Khasawneh,Exclusive: China-owned oil tanker changes name in apparent effort to evade U.S. sanctions,"While in the Indian Ocean heading toward the Strait of Malacca, the very large crude carrier (VLCC) Pacific Bravo went dark on June 5, shutting off the transponder that signals its position and direction to other ships, ship-tracking data showed.",https://www.reuters.com/article/us-shipping-oil-sanctions-malaysia-exclu-idUSKCN1V60I2,https://s4.reutersmedia.net/resources_v2/images/rcom-default.png,2019-08-16T07:25:34Z,"SINGAPORE/KUALA LUMPUR (Reuters) - While in the Indian Ocean heading toward the Strait of Malacca, the very large crude carrier (VLCC) Pacific Bravo went dark on June 5, shutting off the transponder that signals its position and direction to other ships, ship… [+3807 chars]",reuters,Reuters,2019-08-16,07:25:34
19,Jonathan Saul,Flags of inconvenience: noose tightens around Iranian shipping,"Somewhere on its journey from the waters off Iran, around Africa's southern tip and into the Mediterranean, the Grace 1 oil tanker lost the flag under which it sailed and ceased to be registered to Panama. Iran later claimed it as its own.",https://www.reuters.com/article/us-mideast-iran-tanker-flags-insight-idUSKCN1UL0M8,https://s2.reutersmedia.net/resources/r/?m=02&d=20190726&t=2&i=1412138014&w=1200&r=LYNXNPEF6P0HD,2019-07-26T06:20:15Z,"LONDON/DUBAI/PANAMA CITY (Reuters) - Somewhere on its journey from the waters off Iran, around Africa’s southern tip and into the Mediterranean, the Grace 1 oil tanker lost the flag under which it sailed and ceased to be registered to Panama. Iran later claim… [+8484 chars]",reuters,Reuters,2019-07-26,06:20:15
20,Reuters Editorial,Iran denies commitments in exchange for tanker release,"Iran has made no commitments to gain the release of its tanker from detention in Gibraltar, an Iranian government spokesman was quoted as saying on Friday, reiterating that Grace 1 was never bound for Syria as alleged by its captors.",https://www.reuters.com/article/us-mideast-iran-tanker-ministry-idUSKCN1V60O8,https://s4.reutersmedia.net/resources/r/?m=02&d=20190816&t=2&i=1419477368&w=1200&r=LYNXNPEF7F0GS,2019-08-16T08:41:18Z,"DUBAI (Reuters) - Iran has made no commitments to gain the release of its tanker from detention in Gibraltar, an Iranian government spokesman was quoted as saying on Friday, reiterating that Grace 1 was never bound for Syria as alleged by its captors. 
Fabia… [+580 chars]",reuters,Reuters,2019-08-16,08:41:18
21,Reuters Editorial,China continued Iran oil imports in July in teeth of U.S. sanctions: analysts,"China imported Iranian crude oil in July for the second month since a U.S. sanctions waiver ended, according to research from three data firms, with one estimate showing some oil entered tanks holding the country's strategic reserves.",https://www.reuters.com/article/us-china-iran-oil-idUSKCN1UY11S,https://s3.reutersmedia.net/resources/r/?m=02&d=20190808&t=2&i=1416719732&w=1200&r=LYNXNPEF770S5,2019-08-08T09:17:36Z,"SINGAPORE/BEIJING (Reuters) - China imported Iranian crude oil in July for the second month since a U.S. sanctions waiver ended, according to research from three data firms, with one estimate showing some oil entered tanks holding the country’s strategic rese… [+4865 chars]",reuters,Reuters,2019-08-08,09:17:36
22,Reuters Editorial,Rouhani hopes British PM Johnson's 'familiarity' with Iran will help improve relations,"Iranian President Hassan Rouhani said on Sunday he hoped British Prime Minister Boris Johnson's ""familiarity"" with the Islamic Republic will help improve relations between Iran and Britain.",https://www.reuters.com/article/us-mideast-iran-rouhani-johnson-idUSKCN1UN0IZ,https://s4.reutersmedia.net/resources/r/?m=02&d=20190728&t=2&i=1412917897&w=1200&r=LYNXNPEF6R0C8,2019-07-28T14:20:37Z,"GENEVA (Reuters) - Iranian President Hassan Rouhani said on Sunday he hoped British Prime Minister Boris Johnson’s “familiarity” with the Islamic Republic will help improve relations between Iran and Britain. 
In a message posted on the official Iranian pres… [+671 chars]",reuters,Reuters,2019-07-28,14:20:37
23,Reuters Editorial,Iran says U.S. sanctioning of top diplomat 'childish' as tensions rise,"Iran accused the United States on Thursday of ""childish behavior"" driven by fear after Washington imposed sanctions on its foreign minister, escalating tensions between two foes at loggerheads over Gulf shipping and Iran's nuclear program.",https://www.reuters.com/article/us-mideast-iran-idUSKCN1UR4FY,https://s2.reutersmedia.net/resources/r/?m=02&d=20190801&t=2&i=1414244896&w=1200&r=LYNXNPEF7030H,2019-08-01T11:45:15Z,"DUBAI (Reuters) - Iran accused the United States on Thursday of “childish behavior” driven by fear after Washington imposed sanctions on its foreign minister, escalating tensions between two foes at loggerheads over Gulf shipping and Iran’s nuclear program. … [+4756 chars]",reuters,Reuters,2019-08-01,11:45:15
24,Reuters Editorial,"Iran ready to work on French nuclear deal proposals, does not want war: foreign minister","Iran is prepared to work on French proposals to salvage the international nuclear deal that Tehran signed with world powers in 2015 but it will not tolerate U.S. interference in the Gulf, its foreign minister said on Thursday.",https://www.reuters.com/article/us-mideast-iran-idUSKCN1VC1CW,https://s3.reutersmedia.net/resources/r/?m=02&d=20190822&t=2&i=1421562293&w=1200&r=LYNXNPEF7L12K,2019-08-22T12:09:30Z,"OSLO (Reuters) - Iran is prepared to work on French proposals to salvage the international nuclear deal that Tehran signed with world powers in 2015 but it will not tolerate U.S. interference in the Gulf, its foreign minister said on Thursday. 
At a time of … [+3134 chars]",reuters,Reuters,2019-08-22,12:09:30
25,Reuters Editorial,Iraqi oil ministry says has no ties to oil tanker seized by Iran,"Iraq's oil ministry said on Sunday it has no connection with an oil tanker seized by Iran in the Gulf for smuggling fuel, Iraqi News Agency reported.",https://www.reuters.com/article/us-iraq-iran-gulf-idUSKCN1UU0N6,https://s4.reutersmedia.net/resources_v2/images/rcom-default.png,2019-08-04T20:13:24Z,"CAIRO (Reuters) - Iraq’s oil ministry said on Sunday it has no connection with an oil tanker seized by Iran in the Gulf for smuggling fuel, Iraqi News Agency reported. 
“The ministry does not export diesel to the international market,” the ministry said in a… [+230 chars]",reuters,Reuters,2019-08-04,20:13:24
26,Reuters Editorial,U.S. will act if tanker carrying Iranian oil delivers oil: Pompeo,"The United States will take every action it can to prevent an Iranian tanker from delivering oil to Syria in contravention of U.S. sanctions, Secretary of State Mike Pompeo warned on Tuesday.",https://www.reuters.com/article/us-usa-iran-pompeo-tankers-idUSKCN1VA2B5,https://s4.reutersmedia.net/resources/r/?m=02&d=20190820&t=2&i=1420996351&w=1200&r=LYNXNPEF7J1KR,2019-08-20T22:05:20Z,"UNITED NATIONS (Reuters) - The United States will take every action it can to prevent an Iranian tanker from delivering oil to Syria in contravention of U.S. sanctions, Secretary of State Mike Pompeo warned on Tuesday. 
“We have made clear that anyone who to… [+529 chars]",reuters,Reuters,2019-08-20,22:05:20
27,Reuters Editorial,Iran's seized tanker Grace 1 will be freed by Tuesday evening: Fars,"Iran's seized oil tanker Grace 1 will be freed by Tuesday evening, the country's semi-official Fars news agency quoted unidentified Gibraltar authorities as saying.",https://www.reuters.com/article/us-mideast-iran-tanker-release-idUSKCN1V30YC,https://s1.reutersmedia.net/resources/r/?m=02&d=20190813&t=2&i=1418481578&w=1200&r=LYNXNPEF7C0S1,2019-08-13T10:56:13Z,"DUBAI (Reuters) - Iran’s seized oil tanker Grace 1 will be freed by Tuesday evening, the country’s semi-official Fars news agency quoted unidentified Gibraltar authorities as saying. 
Gibraltar said on Tuesday it was seeking to de-escalate issues arising wit… [+126 chars]",reuters,Reuters,2019-08-13,10:56:13
28,Reuters Editorial,Iran's Zarif accuses U.S. of 'piracy attempt' over tanker held in Gibraltar,Iran's foreign minister accused the United States on Thursday of attempted piracy in trying to prevent Gibraltar's release of an Iranian oil tanker.,https://www.reuters.com/article/us-mideast-iran-tanker-zarif-idUSKCN1V51R5,https://s3.reutersmedia.net/resources/r/?m=02&d=20190815&t=2&i=1419229831&w=1200&r=LYNXNPEF7E1GQ,2019-08-15T15:14:25Z,"DUBAI (Reuters) - Iran’s foreign minister accused the United States on Thursday of attempted piracy in trying to prevent Gibraltar’s release of an Iranian oil tanker. 
Gibraltar decided on Thursday to free the Grace 1, detained off the British overseas terri… [+426 chars]",reuters,Reuters,2019-08-15,15:14:25
29,Reuters Editorial,Iran ready to escort Adrian Darya-1 oil tanker in the Gulf: navy commander,"Iran is ready to dispatch its naval fleet to escort its Adrian Darya-1 oil tanker, which is currently in Gibraltar, Iran's navy commander said on Sunday.",https://www.reuters.com/article/us-mideast-iran-tanker-navy-idUSKCN1V80BV,https://s4.reutersmedia.net/resources_v2/images/rcom-default.png,2019-08-18T12:27:32Z,"DUBAI (Reuters) - Iran is ready to dispatch its naval fleet to escort its Adrian Darya-1 oil tanker, which is currently in Gibraltar, Iran’s navy commander said on Sunday. 
“The era of hit and run is over ... if top authorities ask the navy, we are ready to … [+150 chars]",reuters,Reuters,2019-08-18,12:27:32
30,Reuters Editorial,Iran says Britain might release Grace 1 oil tanker soon: IRNA,"Iran said on Tuesday that Britain might free its oil tanker Grace 1 soon, after some documents were exchanged that would help the seized ship's release.",https://www.reuters.com/article/us-mideast-iran-tanker-idUSKCN1V30J5,https://s4.reutersmedia.net/resources/r/?m=02&d=20190813&t=2&i=1418429929&w=1200&r=LYNXNPEF7C0GV,2019-08-13T07:47:06Z,"DUBAI (Reuters) - Iran said on Tuesday that Britain might free its oil tanker Grace 1 soon, after some documents were exchanged that would help the seized ship’s release. 
“Britain is interested in releasing Iran’s oil tanker Grace 1 ... following the exchan… [+426 chars]",reuters,Reuters,2019-08-13,07:47:06
31,Reuters Editorial,Gibraltar to release Iranian oil tanker on Thursday: Sun newspaper,"The British territory of Gibraltar will on Thursday release an Iranian oil tanker seized by Royal Marines in the Mediterranean in July, the Sun newspaper reported, citing sources close to Gibraltar Chief Minister Fabian Picardo.",https://www.reuters.com/article/us-mideast-iran-tanker-gibraltar-idUSKCN1V42B5,https://s3.reutersmedia.net/resources/r/?m=02&d=20190814&t=2&i=1418991289&w=1200&r=LYNXNPEF7D1PO,2019-08-14T22:38:29Z,"(Reuters) - The British territory of Gibraltar will on Thursday release an Iranian oil tanker seized by Royal Marines in the Mediterranean in July, the Sun newspaper reported, citing sources close to Gibraltar Chief Minister Fabian Picardo. 
Picardo would no… [+525 chars]",reuters,Reuters,2019-08-14,22:38:29
32,Reuters Editorial,Britain tells Iran: there will be no tanker swap,Britain on Thursday ruled out exchanging an Iranian tanker detained by Gibraltar for a British-flagged tanker seized by Iran in the Gulf.,https://www.reuters.com/article/us-mideast-iran-tanker-raab-idUSKCN1UR4JR,https://s2.reutersmedia.net/resources/r/?m=02&d=20190801&t=2&i=1414256854&w=1200&r=LYNXNPEF7034B,2019-08-01T12:26:00Z,"BANGKOK (Reuters) - Britain on Thursday ruled out exchanging an Iranian tanker detained by Gibraltar for a British-flagged tanker seized by Iran in the Gulf. 
“We are not going to barter: if people or nations have detained UK-flagged illegally then the rule … [+667 chars]",reuters,Reuters,2019-08-01,12:26:00
33,Reuters Editorial,Britain's seizure of Iranian oil tanker was illegal and will be detrimental for Britain: Iran president,"Britain's seizure of an Iranian oil tanker off Gibraltar was illegal and will be detrimental for Britain, Iran's President Hassan Rouhani said on Sunday, according to the official presidency website.",https://www.reuters.com/article/us-mideast-iran-tanker-idUSKCN1UN0ED,https://s2.reutersmedia.net/resources/r/?m=02&d=20190728&t=2&i=1412882667&w=1200&r=LYNXNPEF6R09E,2019-07-28T11:41:29Z,"GENEVA (Reuters) - Britain’s seizure of an Iranian oil tanker off Gibraltar was illegal and will be detrimental for Britain, Iran’s President Hassan Rouhani said on Sunday, according to the official presidency website. 
British forces captured an Iranian oil… [+284 chars]",reuters,Reuters,2019-07-28,11:41:29
34,Reuters Editorial,Iranian news agency says Adrian Darya tanker leased to Revolutionary Guards,"Iran's semi-official ILNA news agency said on Wednesday the tanker Adrian Darya tanker, which was released after being detained in Gibraltar, is currently leased to the country's elite Revolutionary Guards.",https://www.reuters.com/article/us-mideast-iran-tanker-guards-idUSKCN1VB0F8,https://s2.reutersmedia.net/resources/r/?m=02&d=20190821&t=2&i=1421098637&w=1200&r=LYNXNPEF7K0BE,2019-08-21T05:48:56Z,"DUBAI (Reuters) - Iran’s semi-official ILNA news agency said on Wednesday the tanker Adrian Darya tanker, which was released after being detained in Gibraltar, is currently leased to the country’s elite Revolutionary Guards. 
The United States has issued a w… [+420 chars]",reuters,Reuters,2019-08-21,05:48:56
35,Reuters Editorial,Gibraltar government source denies tanker will leave on Tuesday,A highly placed Gibraltarian government source denied on Tuesday an Iranian news agency report which said the Iranian oil tanker Grace 1 would be leaving the British overseas territory on Tuesday.,https://www.reuters.com/article/us-mideast-iran-tanker-source-idUSKCN1V3110,https://s4.reutersmedia.net/resources_v2/images/rcom-default.png,2019-08-13T11:32:47Z,"LONDON (Reuters) - A highly placed Gibraltarian government source denied on Tuesday an Iranian news agency report which said the Iranian oil tanker Grace 1 would be leaving the British overseas territory on Tuesday. 
British Royal Marines seized the tanker o… [+501 chars]",reuters,Reuters,2019-08-13,11:32:47
36,Reuters Editorial,Stena Bulk tanker seized by Iran could be released soon: Sweden's SVT broadcaster,"Sweden has received ""very strong indications"" that a British oil tanker seized last month by Iran in the Strait of Hormuz is to be released soon, Swedish public service broadcaster SVT reported on Thursday, citing sources within Sweden's foreign ministry.",https://www.reuters.com/article/us-mideast-iran-tanker-stena-idUSKCN1VC25X,https://s4.reutersmedia.net/resources/r/?m=02&d=20190822&t=2&i=1421649921&w=1200&r=LYNXNPEF7L1QX,2019-08-22T17:28:10Z,"STOCKHOLM (Reuters) - Sweden has received “very strong indications” that a British oil tanker seized last month by Iran in the Strait of Hormuz is to be released soon, Swedish public service broadcaster SVT reported on Thursday, citing sources within Sweden’s… [+894 chars]",reuters,Reuters,2019-08-22,17:28:10
37,Reuters Editorial,U.S. warrant issued for seizure of Iranian oil tanker in Gibraltar: court document,"A U.S. court has issued a warrant for the seizure of an Iranian tanker seized in Gibraltar along with its cargo of crude oil, a court document showed on Friday.",https://www.reuters.com/article/us-mideast-iran-tanker-usa-idUSKCN1V6237,https://s2.reutersmedia.net/resources/r/?m=02&d=20190816&t=2&i=1419689727&w=1200&r=LYNXNPEF7F1OE,2019-08-16T22:48:52Z,"WASHINGTON (Reuters) - A U.S. court has issued a warrant for the seizure of an Iranian tanker seized in Gibraltar along with its cargo of crude oil, a court document showed on Friday. 
The oil tanker Grace 1, the oil it carries and $995,000 are subject to fo… [+187 chars]",reuters,Reuters,2019-08-16,22:48:52
38,,U.S. will act if Iranian tanker tries to deliver oil to Syria: Pompeo,"The United States will take every action it can to prevent an Iranian tanker sailing in the Mediterranean from delivering oil to Syria in contravention of U.S. sanctions, Secretary of State Mike Pompeo warned on Tuesday.",http://feeds.reuters.com/~r/Reuters/worldNews/~3/mFcuACdn-iU/u-s-will-act-if-iranian-tanker-tries-to-deliver-oil-to-syria-pompeo-idUSKCN1VA104,,2019-08-20T23:10:25Z,,reuters,Reuters,2019-08-20,23:10:25
39,Reuters Editorial,U.S. will aggressively enforce sanctions over Iran tanker: State Department official,"The United States will aggressively enforce its sanctions to prevent the private sector from assisting an Iranian oil tanker that is traveling through the Mediterranean and that Washington wants seized, a State Department official said.",https://www.reuters.com/article/us-mideast-iran-tanker-usa-idUSKCN1VC2MC,https://s1.reutersmedia.net/resources/r/?m=02&d=20190822&t=2&i=1421706775&w=1200&r=LYNXNPEF7L241,2019-08-22T21:34:39Z,"WASHINGTON (Reuters) - The United States will aggressively enforce its sanctions to prevent the private sector from assisting an Iranian oil tanker that is traveling through the Mediterranean and that Washington wants seized, a State Department official said.… [+413 chars]",reuters,Reuters,2019-08-22,21:34:39
40,Reuters Editorial,"Iranian tanker caught in a standoff with the West heads to Greece, shipping data shows","The Iranian tanker caught in a standoff between Tehran and the West was sailing to Greece on Monday after leaving Gibraltar, shipping data showed, hours after the British territory rejected a U.S. request to detain the vessel further.",https://www.reuters.com/article/us-mideast-iran-tanker-idUSKCN1V90DM,https://s2.reutersmedia.net/resources/r/?m=02&d=20190819&t=2&i=1420413458&w=1200&r=LYNXNPEF7I09F,2019-08-19T05:42:00Z,"DUBAI (Reuters) - The Iranian tanker caught in a standoff between Tehran and the West was sailing to Greece on Monday after leaving Gibraltar, shipping data showed, hours after the British territory rejected a U.S. request to detain the vessel further. 
Brit… [+2171 chars]",reuters,Reuters,2019-08-19,05:42:00
41,Reuters Editorial,Gibraltar says unable to meet U.S. request to seize Iranian tanker,"Gibraltar refused a U.S. request to seize the Iranian tanker Grace 1 on Sunday, saying it was unable to comply because it was bound by European Union law.",https://www.reuters.com/article/us-mideast-iran-tanker-usa-idUSKCN1V80BO,https://s4.reutersmedia.net/resources_v2/images/rcom-default.png,2019-08-18T12:18:22Z,"LONDON (Reuters) - Gibraltar refused a U.S. request to seize the Iranian tanker Grace 1 on Sunday, saying it was unable to comply because it was bound by European Union law. 
A federal court in Washington on Friday issued a warrant for the seizure of the tan… [+625 chars]",reuters,Reuters,2019-08-18,12:18:22
42,Reuters Editorial,Gibraltar releases Iranian tanker Grace 1: Gibraltar Chronicle,"Gibraltar has released the Iranian tanker Grace 1, according to the Gibraltar Chronicle.",https://www.reuters.com/article/us-mideast-iran-tanker-gibraltar-free-idUSKCN1V51NH,https://s3.reutersmedia.net/resources/r/?m=02&d=20190815&t=2&i=1419216993&w=1200&r=LYNXNPEF7E1DO,2019-08-15T14:39:44Z,"LONDON (Reuters) - Gibraltar has released the Iranian tanker Grace 1, according to the Gibraltar Chronicle. 
“Authorities in Gibraltar have released the Iranian supertanker Grace 1, which was seized on July 4 on suspicion it was shipping 2.1 million barrels … [+486 chars]",reuters,Reuters,2019-08-15,14:39:44
43,Reuters Editorial,Britain's seizure of Iranian tanker is violation nuclear deal: Iranian deputy foreign minister,"Britain's seizure of an Iranian oil tanker in Gibraltar is a violation of the 2015 nuclear deal, Abbas Araqchi, a senior member of the team who negotiated the deal and a deputy foreign minister, said on Sunday, according to the ISNA news agency.",https://www.reuters.com/article/us-mideast-iran-tanker-idUSKCN1UN0D5,https://s2.reutersmedia.net/resources/r/?m=02&d=20190728&t=2&i=1412872370&w=1200&r=LYNXNPEF6R08F,2019-07-28T10:55:20Z,"GENEVA (Reuters) - Britain’s seizure of an Iranian oil tanker in Gibraltar is a violation of the 2015 nuclear deal, Abbas Araqchi, a senior member of the team who negotiated the deal and a deputy foreign minister, said on Sunday, according to the ISNA news ag… [+346 chars]",reuters,Reuters,2019-07-28,10:55:20
44,Reuters Editorial,British warship sets sail for tanker escort mission in Gulf,British warship HMS Kent set sail for the Gulf on Monday to join a U.S.-led mission protecting commercial shipping vessels in the region amid heightened political tension between the West and Iran.,https://www.reuters.com/article/us-mideast-iran-britain-idUSKCN1V21T3,https://s4.reutersmedia.net/resources_v2/images/rcom-default.png,2019-08-12T18:57:33Z,"LONDON (Reuters) - British warship HMS Kent set sail for the Gulf on Monday to join a U.S.-led mission protecting commercial shipping vessels in the region amid heightened political tension between the West and Iran. 
Britain has joined the United States in … [+745 chars]",reuters,Reuters,2019-08-12,18:57:33
45,Sanjeev Miglani,India urges Iran to free all its crew after nine released,"Iran has freed nine Indian crew members of a Panama-flagged tanker it seized this month, the Indian foreign ministry said on Saturday, and it appealed for the release of three remaining crew members held from the same ship.",https://www.reuters.com/article/us-mideast-iran-india-idUSKCN1UM04N,https://s4.reutersmedia.net/resources_v2/images/rcom-default.png,2019-07-27T05:33:59Z,"NEW DELHI (Reuters) - Iran has freed nine Indian crew members of a Panama-flagged tanker it seized this month, the Indian foreign ministry said on Saturday, and it appealed for the release of three remaining crew members held from the same ship. 
Dozens of I… [+1638 chars]",reuters,Reuters,2019-07-27,05:33:59
46,Reuters Editorial,"Grace 1 tanker raises Iranian flag, changes name to 'Adrian Darya-1'","An Iranian tanker caught in a stand-off between Tehran and the West has raised an Iranian flag and has had a new name painted on its side, Reuters images of the stationary vessel filmed off Gibraltar showed on Sunday.",https://www.reuters.com/article/us-mideast-iran-tanker-gibraltar-idUSKCN1V80A5,https://s2.reutersmedia.net/resources/r/?m=02&d=20190818&t=2&i=1420171041&w=1200&r=LYNXNPEF7H0E3,2019-08-18T11:22:49Z,"GIBRALTAR (Reuters) - An Iranian tanker caught in a stand-off between Tehran and the West has raised an Iranian flag and has had a new name painted on its side, Reuters images of the stationary vessel filmed off Gibraltar showed on Sunday. 
British Royal Mar… [+1420 chars]",reuters,Reuters,2019-08-18,11:22:49
47,Reuters Editorial,"Iranian tanker switches destination, heads to Turkey: ship-tracking data","An Iranian tanker at the center of a confrontation between Washington and Tehran has switched destination and is now heading to Turkey instead of southern Greece, data from real-time ship tracking website MarineTraffic showed on Saturday.",https://www.reuters.com/article/us-mideast-iran-tanker-greece-idUSKCN1VE09D,https://s3.reutersmedia.net/resources/r/?m=02&d=20190824&t=2&i=1422234207&w=1200&r=LYNXNPEF7N08M,2019-08-24T08:13:44Z,"ATHENS (Reuters) - An Iranian tanker at the center of a confrontation between Washington and Tehran has switched destination and is now heading to Turkey instead of southern Greece, data from real-time ship tracking website MarineTraffic showed on Saturday. … [+833 chars]",reuters,Reuters,2019-08-24,08:13:44
48,Reuters Editorial,P&O Cruises cancels Dubai and Gulf voyages amid Iran tensions,P&O Cruises has canceled cruises around Dubai and the Arabian Gulf after Iran seized a British-flagged tanker in the region.,https://www.reuters.com/article/us-mideast-iran-p-o-idUSKCN1UY0QJ,https://s4.reutersmedia.net/resources_v2/images/rcom-default.png,2019-08-08T07:03:44Z,"LONDON (Reuters) - P&amp;O Cruises has canceled cruises around Dubai and the Arabian Gulf after Iran seized a British-flagged tanker in the region. 
Citing increased tensions, the company said it has canceled its planned program in the region from October un… [+693 chars]",reuters,Reuters,2019-08-08,07:03:44
49,Reuters Editorial,"Iranian tanker moving, but still anchored in Gibraltar: witness","The Grace 1 Iranian tanker caught in a standoff between Tehran and the West started to move on Friday, but its anchor was still down in the port of Gibraltar, a Reuters reporter saw a day after its detention was lifted.",https://www.reuters.com/article/us-mideast-iran-tanker-anchor-idUSKCN1V61EJ,https://s2.reutersmedia.net/resources/r/?m=02&d=20190816&t=2&i=1419568063&w=1200&r=LYNXNPEF7F15C,2019-08-16T14:33:06Z,"GIBRALTAR (Reuters) - The Grace 1 Iranian tanker caught in a standoff between Tehran and the West started to move on Friday, but its anchor was still down in the port of Gibraltar, a Reuters reporter saw a day after its detention was lifted. 
Gibraltar autho… [+354 chars]",reuters,Reuters,2019-08-16,14:33:06
50,Reuters Editorial,Grace 1 tanker starts to move: Reuters reporter,"The Grace 1 Iranian tanker caught in a standoff between Tehran and the West started to move on Friday and there was more smoke from the tanker's chimney, a Reuters reporter saw a day after its detention was lifted.",https://www.reuters.com/article/us-mideast-iran-tanker-gibraltar-idUSKCN1V61CR,https://s4.reutersmedia.net/resources_v2/images/rcom-default.png,2019-08-16T14:11:57Z,"GIBRALTAR (Reuters) - The Grace 1 Iranian tanker caught in a standoff between Tehran and the West started to move on Friday and there was more smoke from the tanker’s chimney, a Reuters reporter saw a day after its detention was lifted. 
The Grace 1 was seiz… [+396 chars]",reuters,Reuters,2019-08-16,14:11:57
51,Reuters Editorial,Iran nuclear deal parties meet after month of friction,Parties to Iran's 2015 nuclear deal met in Vienna on Sunday for emergency talks called in response to an escalation in tensions between Iran and the West that included confrontations at sea and Tehran's breaches of the accord.,https://www.reuters.com/article/us-mideast-iran-idUSKCN1UN0DV,https://s4.reutersmedia.net/resources/r/?m=02&d=20190728&t=2&i=1412878608&w=1200&r=LYNXNPEF6R08X,2019-07-28T11:17:20Z,"VIENNA (Reuters) - Parties to Iran’s 2015 nuclear deal met in Vienna on Sunday for emergency talks called in response to an escalation in tensions between Iran and the West that included confrontations at sea and Tehran’s breaches of the accord. 
Britain, Fr… [+2840 chars]",reuters,Reuters,2019-07-28,11:17:20
52,Reuters Editorial,Russian officials in Iran visit Russian members of detained UK vessel,"Representatives of the Russian embassy in Iran have visited three Russian crew members from the British vessel Stena Impero detained by Iran, the Russian embassy in Tehran said on Saturday.",https://www.reuters.com/article/us-mideast-iran-russia-idUSKCN1UM08A,https://s4.reutersmedia.net/resources/r/?m=02&d=20190727&t=2&i=1412534851&w=1200&r=LYNXNPEF6Q06Z,2019-07-27T09:22:35Z,"MOSCOW (Reuters) - Representatives of the Russian embassy in Iran have visited three Russian crew members from the British vessel Stena Impero detained by Iran, the Russian embassy in Tehran said on Saturday. 
The three crew members are in good health and ha… [+569 chars]",reuters,Reuters,2019-07-27,09:22:35
53,Reuters Editorial,UK to join U.S.-led maritime security mission in Gulf,Britain said on Monday it was joining a U.S.-led maritime security mission in the Gulf to protect merchant vessels traveling through the Strait of Hormuz.,https://www.reuters.com/article/us-mideast-iran-britain-idUSKCN1UV1MD,https://s2.reutersmedia.net/resources/r/?m=02&d=20190805&t=2&i=1415695589&w=1200&r=LYNXNPEF741EB,2019-08-05T14:45:37Z,"LONDON (Reuters) - Britain said on Monday it was joining a U.S.-led maritime security mission in the Gulf to protect merchant vessels traveling through the Strait of Hormuz. 
Tanker traffic through the Strait has become a focus for an increasingly tense stan… [+1813 chars]",reuters,Reuters,2019-08-05,14:45:37
54,Reuters Editorial,Britain sends another warship to boost presence in the Gulf,"Britain is sending another warship to the Gulf to defend freedom of navigation, the defense minister said on Saturday, after Iran seized a British-flagged tanker in the region.",https://www.reuters.com/article/us-mideast-iran-britain-idUSKCN1VE0PS,https://s3.reutersmedia.net/resources/r/?m=02&d=20190824&t=2&i=1422376096&w=1200&r=LYNXNPEF7N0ON,2019-08-24T18:23:23Z,"LONDON (Reuters) - Britain is sending another warship to the Gulf to defend freedom of navigation, the defense minister said on Saturday, after Iran seized a British-flagged tanker in the region. 
Tensions have risen between Iran and Britain after Iranian co… [+524 chars]",reuters,Reuters,2019-08-24,18:23:23
55,Reuters Editorial,Shell not taking British-flagged tankers through Hormuz,Royal Dutch Shell is not taking any British-flagged tankers through the Strait of Hormuz amid heightened tensions with Iran in the vital chokepoint for oil shipments.,https://www.reuters.com/article/us-shell-iran-idUSKCN1UR4A0,https://s4.reutersmedia.net/resources/r/?m=02&d=20190801&t=2&i=1414227775&w=1200&r=LYNXNPEF702SR,2019-08-01T10:39:42Z,"LONDON (Reuters) - Royal Dutch Shell is not taking any British-flagged tankers through the Strait of Hormuz amid heightened tensions with Iran in the vital chokepoint for oil shipments. 
“There are Shell-managed vessels in the Strait of Hormuz and that will … [+730 chars]",reuters,Reuters,2019-08-01,10:39:42
56,Reuters Editorial,Iran's detention of UK-flagged tanker unacceptable: owner,"The continued detention of British-flagged tanker Stena Impero is ""unacceptable and unjustifiable"" and there are concerns for the welfare of the crew after 19 days in confinement, the vessel's owner said on Tuesday.",https://www.reuters.com/article/us-mideast-iran-britain-tanker-idUSKCN1UW20B,https://s2.reutersmedia.net/resources/r/?m=02&d=20190806&t=2&i=1416112879&w=1200&r=LYNXNPEF751HH,2019-08-06T17:34:18Z,"LONDON (Reuters) - The continued detention of British-flagged tanker Stena Impero is “unacceptable and unjustifiable” and there are concerns for the welfare of the crew after 19 days in confinement, the vessel’s owner said on Tuesday. 
Iran’s Revolutionary G… [+2334 chars]",reuters,Reuters,2019-08-06,17:34:18
57,Babak Dehghanpisheh,Iran says it will further breach nuclear deal in one month unless Europeans act,"Iran told European powers on Monday it would further reduce compliance with its 2015 nuclear deal in about a month's time if they were still failing to protect it from crippling U.S. sanctions, reimposed after Washington exited the deal.",https://www.reuters.com/article/us-mideast-iran-idUSKCN1UV1TV,https://s1.reutersmedia.net/resources/r/?m=02&d=20190805&t=2&i=1415720205&w=1200&r=LYNXNPEF741OA,2019-08-05T16:22:18Z,"GENEVA (Reuters) - Iran told European powers on Monday it would further reduce compliance with its 2015 nuclear deal in about a month’s time if they were still failing to protect it from crippling U.S. sanctions, reimposed after Washington exited the deal. 
… [+4408 chars]",reuters,Reuters,2019-08-05,16:22:18
58,Reuters Editorial,Japan won't contribute ships to U.S. Middle East maritime force: Mainichi,"Japan will not send warships to join a U.S.-led maritime force to guard oil tankers in the Strait of Hormuz fearing a military response from Iran, but it may send patrol aircraft, said the Mainichi newspaper, citing unidentified government sources.",https://www.reuters.com/article/us-mideast-iran-usa-japan-idUSKCN1US096,https://s4.reutersmedia.net/resources_v2/images/rcom-default.png,2019-08-02T03:24:26Z,"Tokyo (Reuters) - Japan will not send warships to join a U.S.-led maritime force to guard oil tankers in the Strait of Hormuz fearing a military response from Iran, but it may send patrol aircraft, said the Mainichi newspaper, citing unidentified government s… [+1313 chars]",reuters,Reuters,2019-08-02,03:24:26
59,Reuters Editorial,Iran says top waterways won't be as safe if its oil exports cut to zero,"If Iran's oil exports are cut to zero, international waterways will not have the same security as before, its president said on Wednesday, cautioning Washington against upping pressure on Tehran in an angry confrontation between the longtime foes.",https://www.reuters.com/article/us-mideast-iran-idUSKCN1VB1EM,https://s2.reutersmedia.net/resources/r/?m=02&d=20190821&t=2&i=1421204209&w=1200&r=LYNXNPEF7K0YB,2019-08-21T12:41:53Z,"GENEVA (Reuters) - If Iran’s oil exports are cut to zero, international waterways will not have the same security as before, its president said on Wednesday, cautioning Washington against upping pressure on Tehran in an angry confrontation between the longtim… [+2470 chars]",reuters,Reuters,2019-08-21,12:41:53
60,Reuters Editorial,Ukraine searches Russian vessel over fuel delivery to Crimea,Ukrainian prosecutors said they had searched a Russian vessel in the Black Sea port of Kherson on Saturday as part of an investigation into a suspected illegal delivery of Russian fuel to annexed Crimea in 2015.,https://www.reuters.com/article/us-ukraine-crisis-vessel-search-idUSKCN1V106W,https://s4.reutersmedia.net/resources_v2/images/rcom-default.png,2019-08-11T08:26:06Z,"KIEV (Reuters) - Ukrainian prosecutors said they had searched a Russian vessel in the Black Sea port of Kherson on Saturday as part of an investigation into a suspected illegal delivery of Russian fuel to annexed Crimea in 2015. 
Relations between Kiev and M… [+1185 chars]",reuters,Reuters,2019-08-11,08:26:06
61,Reuters Editorial,"After Trump rebuke, France says it speaks for itself on Iran","France does not need the permission of other states to try to defuse tensions with Iran, its foreign minister said on Friday after U.S. President Donald Trump accused President Emmanuel Macron of sending ""mixed signals"" to Tehran.",https://www.reuters.com/article/us-iran-nuclear-france-usa-idUSKCN1UZ1XZ,https://s4.reutersmedia.net/resources/r/?m=02&d=20190809&t=2&i=1417220330&w=1200&r=LYNXNPEF781KU,2019-08-09T16:32:12Z,"PARIS (Reuters) - France does not need the permission of other states to try to defuse tensions with Iran, its foreign minister said on Friday after U.S. President Donald Trump accused President Emmanuel Macron of sending “mixed signals” to Tehran. 
“France … [+2473 chars]",reuters,Reuters,2019-08-09,16:32:12
62,Ahmed Elumami,Libya sends mobile petrol stations to conflict-hit west,Libyan state employee Akrm Jlaidi drives for ninety minutes to the suburbs of the capital Tripoli every week to fill his car at a mobile fuel station. Typically he waits for hours. Sometimes he returns home empty-handed as fuel shortages worsen.,https://www.reuters.com/article/us-libya-security-fuel-idUSKCN1VA19M,https://s2.reutersmedia.net/resources/r/?m=02&d=20190820&t=2&i=1420857803&w=1200&r=LYNXNPEF7J0T4,2019-08-20T12:40:08Z,TRIPOLI (Reuters) - Libyan state employee Akrm Jlaidi drives for ninety minutes to the suburbs of the capital Tripoli every week to fill his car at a mobile fuel station. Typically he waits for hours. Sometimes he returns home empty-handed as fuel shortages w… [+2810 chars],reuters,Reuters,2019-08-20,12:40:08
63,Reuters Editorial,"Iran ready to work on French nuclear deal proposals, does not want war: foreign minister","Iran is prepared to work on French proposals to salvage the international nuclear deal that Tehran signed with world powers in 2015 but it will not tolerate U.S. interference in the Gulf, its foreign minister said on Thursday.",https://www.reuters.com/article/us-mideast-iran-idUSKCN1VC1CW,https://s3.reutersmedia.net/resources/r/?m=02&d=20190822&t=2&i=1421562293&w=1200&r=LYNXNPEF7L12K,2019-08-22T12:09:30Z,"OSLO (Reuters) - Iran is prepared to work on French proposals to salvage the international nuclear deal that Tehran signed with world powers in 2015 but it will not tolerate U.S. interference in the Gulf, its foreign minister said on Thursday. 
At a time of … [+3134 chars]",reuters,Reuters,2019-08-22,12:09:30
64,Reuters Editorial,U.S. turning Gulf region into 'tinderbox' - Iran's Zarif - Reuters UK,U.S. turning Gulf region into 'tinderbox' - Iran's Zarif Reuters UK Analysis: Iran's FM Zarif says US presence threatens Gulf Al Jazeera English U.S. turning Gulf region into 'tinderbox': Iran's Zarif Reuters Zarif: US arms sales make Gulf into 'tinderbox rea…,https://uk.reuters.com/article/uk-mideast-iran-shipping-idUKKCN1V20XI,https://s4.reutersmedia.net/resources/r/?m=02&d=20190812&t=2&i=1418162180&w=1200&r=LYNXNPEF7B0NW,2019-08-12T10:23:00Z,"DUBAI (Reuters) - Iranian Foreign Minister Mohammad Javad Zarif accused the United States on Monday of turning the Gulf region into a “matchbox ready to ignite”, according to Al Jazeera television. 
Oil tanker traffic passing through the Gulf via the Strait … [+1999 chars]",reuters,Reuters,2019-08-12,10:23:00
65,Alex Lawler,"Hit by sanctions and rising tensions, Iran's oil exports slide in July - Reuters","Hit by sanctions and rising tensions, Iran's oil exports slide in July Reuters Trump administration will again waive nuclear sanctions on Iran The Washington Post Trump to disappoint Iran hawks with more nuclear waivers POLITICO Iran threat: Brexit will give …",https://www.reuters.com/article/us-oil-iran-exports-idUSKCN1UP1UD,https://s4.reutersmedia.net/resources/r/?m=02&d=20190730&t=2&i=1413597130&w=1200&r=LYNXNPEF6T1AR,2019-07-30T15:25:00Z,"LONDON (Reuters) - Iranian oil exports have dropped in July to as low as 100,000 barrels per day (bpd) due to sanctions and rising tension with the United States and Britain, according to an industry source and tanker data, deepening global supply losses. 
T… [+3356 chars]",reuters,Reuters,2019-07-30,15:25:00
66,Reuters Editorial,BP has no plans to take its own tankers through Hormuz,"BP has not taken any of its oil tankers through the Strait of Hormuz since a July 10 attempt by Iran to seize one of its vessels, the British company's Chief Financial Officer Brian Gilvary said on Tuesday.",https://www.reuters.com/article/us-bp-iran-idUSKCN1UP0MV,https://s3.reutersmedia.net/resources/r/?m=02&d=20190730&t=2&i=1413484654&w=1200&r=LYNXNPEF6T0DL,2019-07-30T07:31:02Z,"LONDON (Reuters) - BP (BP.L) has not taken any of its oil tankers through the Strait of Hormuz since a July 10 attempt by Iran to seize one of its vessels, the British company’s Chief Financial Officer Brian Gilvary said on Tuesday. 
The oil and gas company … [+1064 chars]",reuters,Reuters,2019-07-30,07:31:02
67,Bozorgmehr Sharafedin,"Oil up after drone attack on Saudi field, but OPEC report caps gains",Crude oil prices rose on Monday following a weekend attack on a Saudi oil facility by Yemen's Houthi forces and as traders looked for signs of progress in U.S.-China trade negotiations.,https://www.reuters.com/article/uk-global-oil-idUSKCN1V9028,https://s2.reutersmedia.net/resources/r/?m=02&d=20190819&t=2&i=1420355026&w=1200&r=LYNXNPEF7I01D,2019-08-19T13:59:28Z,"LONDON (Reuters) - Crude oil prices rose on Monday following a weekend attack on a Saudi oil facility by Yemen’s Houthi forces and as traders looked for signs of progress in U.S.-China trade negotiations. 
Price gains were, however, capped to some degree by … [+2268 chars]",reuters,Reuters,2019-08-19,13:59:28
68,Reuters Editorial,Oil prices rise ahead of expected U.S. interest rate cut,Oil prices extended overnight gains on Tuesday amid widespread expectations the U.S. Federal Reserve will cut interest rates for the first time in more than a decade this week.,https://www.reuters.com/article/us-global-oil-idUSKCN1UP01E,https://s4.reutersmedia.net/resources/r/?m=02&d=20190730&t=2&i=1413401138&w=1200&r=LYNXNPEF6T00S,2019-07-30T00:43:11Z,"TOKYO (Reuters) - Oil prices extended overnight gains on Tuesday amid widespread expectations the U.S. Federal Reserve will cut interest rates for the first time in more than a decade this week. 
Brent crude LCOc1 rose 30 cents, or 0.5%, to $64.01 a barrel b… [+1611 chars]",reuters,Reuters,2019-07-30,00:43:11
69,Reuters Editorial,Oil drops after poll points to slower global growth,"Oil prices fell on Friday after a Reuters poll showed global economic growth is likely to slow further amid the U.S.-China trade war, although losses were limited by tensions in the Middle East.",https://www.reuters.com/article/us-global-oil-idUSKCN1UL02Z,https://s4.reutersmedia.net/resources/r/?m=02&d=20190726&t=2&i=1412063280&w=1200&r=LYNXNPEF6P01S,2019-07-26T01:13:59Z,"TOKYO (Reuters) - Oil prices fell on Friday after a Reuters poll showed global economic growth is likely to slow further amid the U.S.-China trade war, although losses were limited by tensions in the Middle East. 
Brent crude futures LCOc1 were down 24 cents… [+1587 chars]",reuters,Reuters,2019-07-26,01:13:59
70,Bozorgmehr Sharafedin,"Oil rises due to firm yuan, expectations of more OPEC cuts","Oil jumped more than $1 a barrel on Thursday due to expectations that falling prices may lead to production cuts, coupled with a steadying of the yuan currency after a week of turmoil spurred by an escalation in U.S.-China trade tensions.",https://www.reuters.com/article/us-global-oil-idUSKCN1UY03R,https://s3.reutersmedia.net/resources/r/?m=02&d=20190808&t=2&i=1416763403&w=1200&r=LYNXNPEF77046,2019-08-08T11:56:44Z,"LONDON (Reuters) - Oil jumped more than $1 a barrel on Thursday due to expectations that falling prices may lead to production cuts, coupled with a steadying of the yuan currency after a week of turmoil spurred by an escalation in U.S.-China trade tensions. … [+2427 chars]",reuters,Reuters,2019-08-08,11:56:44
71,Stanley White,"Asian shares nudge higher on stimulus hopes, recession fears ease","Asian shares extended their gains on Tuesday as hopes for stimulus in major economies tempered anxiety about a global recession, helping boost riskier assets and drawing money from safe-havens such as bonds and gold.",https://www.reuters.com/article/us-global-markets-idUSKCN1VA02J,https://s2.reutersmedia.net/resources/r/?m=02&d=20190820&t=2&i=1420691713&w=1200&r=LYNXNPEF7J01F,2019-08-20T01:05:03Z,"TOKYO (Reuters) - Asian shares extended their gains on Tuesday as hopes for stimulus in major economies tempered anxiety about a global recession, helping boost riskier assets and drawing money from safe-havens such as bonds and gold. 
MSCI’s broadest index … [+3343 chars]",reuters,Reuters,2019-08-20,01:05:03
72,Roslan Khasawneh,Oil prices drop as U.S.-China trade war fuels growth concerns - Reuters,Oil prices drop as U.S.-China trade war fuels growth concerns Reuters Trump reportedly overruled advisors in decision to slap tariffs on remaining Chinese imports CNBC Trump Escalates Trade War AGAIN While Denying Americans Pay The Price The Ring of Fire Trum…,https://www.reuters.com/article/us-global-oil-idUSKCN1UV037,https://s4.reutersmedia.net/resources/r/?m=02&d=20190805&t=2&i=1415562925&w=1200&r=LYNXNPEF7402W,2019-08-05T01:34:00Z,"SINGAPORE/TOKYO (Reuters) - Oil prices fell on Monday amid renewed global economic growth concerns after U.S. President Donald Trump vowed to escalate the trade war with China with more tariffs, which would likely limit fuel demand in the world’s two biggest … [+2958 chars]",reuters,Reuters,2019-08-05,01:34:00
73,Aaron Sheldrick,Oil falls after 'constructive' talks on Iran's nuclear deal - Reuters,Oil falls after 'constructive' talks on Iran's nuclear deal Reuters World leaders meet in Vienna to salvage Iran nuclear deal CBS Evening News Iran Links British Seizure of Oil Tanker to Ailing Nuclear Deal The New York Times Talks held in Vienna to salvage I…,https://www.reuters.com/article/us-global-oil-idUSKCN1UO03B,https://s4.reutersmedia.net/resources/r/?m=02&d=20190729&t=2&i=1413068381&w=1200&r=LYNXNPEF6S02W,2019-07-29T01:30:00Z,"TOKYO (Reuters) - Oil prices fell on Monday as investors fretted over the outlook for global economic growth, while weekend talks between Iran and major powers ended on a generally positive note, suggesting an easing of tensions in the Middle East. 
Brent cr… [+2232 chars]",reuters,Reuters,2019-07-29,01:30:00
74,Mike Rivero,Iran ready to escort Adrian Darya-1 oil tanker in the Gulf - navy commander,"Iran is ready to dispatch its naval fleet to escort its Adrian Darya-1 oil tanker, which is currently in Gibraltar, Iran’s navy commander said on Sunday. “The era of hit and run is over... if top authorities ask the navy, we are ready to escort out tanker Adr…",https://uk.reuters.com/article/uk-mideast-iran-tanker-navy-idUKKCN1V80BY,https://s4.reutersmedia.net/resources_v2/images/rcom-default.png,2019-08-20T16:52:37Z,"DUBAI (Reuters) - Iran is ready to dispatch its naval fleet to escort its Adrian Darya-1 oil tanker, which is currently in Gibraltar, Iran’s navy commander said on Sunday. 
“The era of hit and run is over ... if top authorities ask the navy, we are ready to … [+150 chars]",reuters,Reuters,2019-08-20,16:52:37
75,Reuters Editorial,UPDATE 1-BP has no plans to take its own tankers through Hormuz,"* BP continues to ship using chartered tankers (Adds detail, background)",https://www.reuters.com/article/bp-iran-idUSL8N24V1Q0,https://s4.reutersmedia.net/resources_v2/images/rcom-default.png,2019-07-30T07:19:31Z,"* BP has not used own tankers in Hormuz since July 10 
* BP continues to ship using chartered tankers (Adds detail, background) 
LONDON, July 30 (Reuters) - BP has not taken any of its oil tankers through the Strait of Hormuz since a July 10 attempt by Iran… [+1197 chars]",reuters,Reuters,2019-07-30,07:19:31
76,Victoria Klesty,UPDATE 2-Trafigura takes stake in Frontline in $675 mln tanker deal,Frontline has agreed to buy 10 Suezmax oil tankers from Trafigura in a cash and share deal worth up to $675 million which will make the Geneva-based trading firm the group's second biggest shareholder.,https://www.reuters.com/article/us-frontline-trafig-idUSKCN1VD0ZF,https://s4.reutersmedia.net/resources/r/?m=02&d=20190823&t=2&i=1421898344&w=1200&r=LYNXNPEF7M0OV,2019-08-23T10:22:17Z,"OSLO (Reuters) - Frontline (FRO.OL) has agreed to buy 10 Suezmax oil tankers from Trafigura in a cash and share deal worth up to $675 million which will make the Geneva-based trading firm the group’s second biggest shareholder. 
Under the terms of the deal T… [+2760 chars]",reuters,Reuters,2019-08-23,10:22:17
77,Reuters Editorial,UPDATE 1-Trafigura takes stake in Frontline in $675 mln tanker deal,Frontline has agreed to buy 10 Suezmax oil tankers from Trafigura in a cash and share deal worth up to $675 million which will make the Geneva-based trading firm a large shareholder in the shipping group.,https://www.reuters.com/article/frontline-trafig-idUSL5N25J1OM,https://s4.reutersmedia.net/resources_v2/images/rcom-default.png,2019-08-23T08:19:24Z,"(Adds detail, background) 
OSLO, Aug 23 (Reuters) - Frontline has agreed to buy 10 Suezmax oil tankers from Trafigura in a cash and share deal worth up to $675 million which will make the Geneva-based trading firm a large shareholder in the shipping group. … [+1604 chars]",reuters,Reuters,2019-08-23,08:19:24
78,Reuters Editorial,PRESS DIGEST-New York Times business news - Aug 5,The following are the top stories on the New York Times business pages. Reuters has not verified these stories and does not vouch for their accuracy.,https://www.reuters.com/article/press-digest-nyt-idUSL4N2511I4,https://s4.reutersmedia.net/resources_v2/images/rcom-default.png,2019-08-05T04:49:32Z,"Aug 5 (Reuters) - The following are the top stories on the New York Times business pages. Reuters has not verified these stories and does not vouch for their accuracy. 
- HSBC Holdings Plc announced the surprise departure of its Chief Executive Officer John … [+701 chars]",reuters,Reuters,2019-08-05,04:49:32
79,Jessica Jaganathan,"Oil prices slip, but supported by hopes trade tensions could ease","Crude oil prices slipped on Tuesday, but losses were limited as equity markets rallied and as traders hoped Sino-U.S. trade tensions would ease.",https://www.reuters.com/article/us-global-oil-idUSKCN1VA04S,https://s3.reutersmedia.net/resources/r/?m=02&d=20190820&t=2&i=1420704850&w=1200&r=LYNXNPEF7J02J,2019-08-20T01:52:36Z,"SINGAPORE (Reuters) - Crude oil prices slipped on Tuesday, but losses were limited as equity markets rallied and as traders hoped Sino-U.S. trade tensions would ease. 
The United States said it would extend a reprieve that permits China’s Huawei Technologies… [+2242 chars]",reuters,Reuters,2019-08-20,01:52:36
80,Reuters Editorial,"Morning News Call - India, August 5","To access a PDF version of this newsletter, please click here http://share.thomsonreuters.com/assets/newsletters/Indiamorning/MNC_IN_08052019.pdf",https://www.reuters.com/article/india-morningcall-idUSL4N25111B,https://s4.reutersmedia.net/resources_v2/images/rcom-default.png,2019-08-05T03:29:25Z,"To access a PDF version of this newsletter, please click here here
If you would like to receive this newsletter via email, please register at: here
FACTORS TO WATCH 
11:00 am: Parliament session continues in New Delhi. 
LIVECHAT - MARKETS WEEK AHEAD 
Mik… [+5678 chars]",reuters,Reuters,2019-08-05,03:29:25
81,Reuters Editorial,"Morning News Call - India, August 19","To access a PDF version of this newsletter, please click here http://share.thomsonreuters.com/assets/newsletters/Indiamorning/MNC_IN_08192019.pdf",https://www.reuters.com/article/india-morningcall-idUSL4N25F0TF,https://s4.reutersmedia.net/resources_v2/images/rcom-default.png,2019-08-19T03:20:06Z,"To access a PDF version of this newsletter, please click here here
If you would like to receive this newsletter via email, please register at: here
FACTORS TO WATCH 
09:30 am: RBI Governor Shaktikanta Das, IBA Chairman Sunil Mehta and other bank officials … [+4380 chars]",reuters,Reuters,2019-08-19,03:20:06
82,Reuters Editorial,"Morning News Call - India, August 16","To access a PDF version of this newsletter, please click here http://share.thomsonreuters.com/assets/newsletters/Indiamorning/MNC_IN_08162019.pdf",https://www.reuters.com/article/india-morningcall-idUSL4N25C0DU,https://s4.reutersmedia.net/resources_v2/images/rcom-default.png,2019-08-16T03:14:40Z,"To access a PDF version of this newsletter, please click here here
If you would like to receive this newsletter via email, please register at: here
FACTORS TO WATCH 
5:00 pm: RBI to release weekly foreign exchange data in Mumbai. 
INDIA TOP NEWS 
 India’… [+4819 chars]",reuters,Reuters,2019-08-16,03:14:40
83,Steve Holland,U.S. adviser Bolton to urge tougher UK stance on Iran and China,"John Bolton, U.S. President Donald Trump’s national security adviser, is expected to urge Britain to toughen its stance on Iran and Chinese telecommunications firm Huawei when he arrives on Sunday for talks in London.",https://www.reuters.com/article/us-usa-britain-idUSKCN1V10HU,https://s3.reutersmedia.net/resources/r/?m=02&d=20190811&t=2&i=1417868938&w=1200&r=LYNXNPEF7A0M7,2019-08-11T16:48:50Z,"LONDON (Reuters) - John Bolton, U.S. President Donald Trump’s national security adviser, is expected to urge Britain to toughen its stance on Iran and Chinese telecommunications firm Huawei when he arrives on Sunday for talks in London. 
As the United Kingdo… [+3072 chars]",reuters,Reuters,2019-08-11,16:48:50
84,Reuters Editorial,"Morning News Call - India, July 29","To access a PDF version of this newsletter, please click here http://share.thomsonreuters.com/assets/newsletters/Indiamorning/MNC_IN_07292019.pdf",https://www.reuters.com/article/india-morningcall-idUSL4N24U0OC,https://s4.reutersmedia.net/resources_v2/images/rcom-default.png,2019-07-29T03:14:01Z,"To access a PDF version of this newsletter, please click here here
If you would like to receive this newsletter via email, please register at: here
FACTORS TO WATCH 
No major events are scheduled for the day. 
LIVECHAT - MARKETS UPDATE 
Mike Dolan, Reute… [+5293 chars]",reuters,Reuters,2019-07-29,03:14:01
85,Maqsood Alam,"MIDEAST STOCKS-Most major Gulf markets fall, banks weigh on Saudi index","quarter profit
    * Qatar ends winning streak

    By Maqsood Alam 
    Aug 21 (Reuters) - Most major Gulf stock markets fell on Wednesday, with
Saudi banking shares pushing that index down the most, amid rising regional
geopolitical tensions and ahead of U.…",https://www.reuters.com/article/mideast-stocks-idUSL4N25H2QC,https://s4.reutersmedia.net/resources_v2/images/rcom-default.png,2019-08-21T13:40:43Z,,reuters,Reuters,2019-08-21,13:40:43
86,Reuters Editorial,Iraqi oil ministry says has no ties to oil tanker seized by Iran,"Iraq's oil ministry said on Sunday it has no connection with an oil tanker seized by Iran in the Gulf for smuggling fuel, Iraqi News Agency reported.",https://in.reuters.com/article/iraq-iran-gulf-idINKCN1UV09L,https://s4.reutersmedia.net/resources_v2/images/rcom-default.png,2019-08-05T03:56:17Z,"CAIRO (Reuters) - Iraq’s oil ministry said on Sunday it has no connection with an oil tanker seized by Iran in the Gulf for smuggling fuel, Iraqi News Agency reported. 
“The ministry does not export diesel to the international market,” the ministry said in a… [+548 chars]",reuters,Reuters,2019-08-05,03:56:17
87,Reuters Editorial,Iranian tanker's owner says ship will head to Mediterranean ports - report,"The owner of an Iranian oil tanker that was seized off Gibraltar says the ship will head to Mediterranean ports, an Iranian maritime official was quoted as saying on Thursday, after Gibraltar decided to free the tanker.",https://in.reuters.com/article/mideast-iran-tanker-owner-idINKCN1V521I,https://s2.reutersmedia.net/resources/r/?m=02&d=20190815&t=2&i=1419264074&w=1200&r=LYNXNPEF7E1SD,2019-08-15T17:18:51Z,"DUBAI (Reuters) - The owner of an Iranian oil tanker that was seized off Gibraltar says the ship will head to Mediterranean ports, an Iranian maritime official was quoted as saying on Thursday, after Gibraltar decided to free the tanker. 
“According to an an… [+528 chars]",reuters,Reuters,2019-08-15,17:18:51
88,Reuters Editorial,Iran says Britain might free oil tanker soon: IRNA,Iran said on Tuesday that Britain might free its oil tanker Grace 1 soon in a maritime saga that has exacerbated frictions between Tehran and the West.,https://in.reuters.com/article/mideast-iran-tanker-idINKCN1V30K3,https://s4.reutersmedia.net/resources/r/?m=02&d=20190813&t=2&i=1418494087&w=1200&r=LYNXNPEF7C0HV,2019-08-13T11:42:19Z,"DUBAI (Reuters) - Iran said on Tuesday that Britain might free its oil tanker Grace 1 soon in a maritime saga that has exacerbated frictions between Tehran and the West. 
But a source for the government of British Mediterranean territory Gibraltar, where mar… [+1328 chars]",reuters,Reuters,2019-08-13,11:42:19
89,Reuters Editorial,Iran's seized tanker Grace 1 will be freed by Tuesday evening: Fars,"Iran's seized oil tanker Grace 1 will be freed by Tuesday evening, the country's semi-official Fars news agency quoted unidentified Gibraltar authorities as saying.",https://in.reuters.com/article/mideast-iran-tanker-release-idINKCN1V30YB,https://s4.reutersmedia.net/resources_v2/images/rcom-default.png,2019-08-13T10:58:22Z,"DUBAI (Reuters) - Iran’s seized oil tanker Grace 1 will be freed by Tuesday evening, the country’s semi-official Fars news agency quoted unidentified Gibraltar authorities as saying. 
Gibraltar said on Tuesday it was seeking to de-escalate issues arising wit… [+126 chars]",reuters,Reuters,2019-08-13,10:58:22
90,Reuters Editorial,Britain's seizure of Iranian oil tanker was illegal and will be detrimental for Britain: Iran president,"Britain's seizure of an Iranian oil tanker off Gibraltar was illegal and will be detrimental for Britain, Iran's President Hassan Rouhani said on Sunday, according to the official presidency website.",https://in.reuters.com/article/mideast-iran-tanker-idINKCN1UN0EL,https://s2.reutersmedia.net/resources/r/?m=02&d=20190728&t=2&i=1412884058&w=1200&r=LYNXNPEF6R09G,2019-07-28T11:46:08Z,"GENEVA (Reuters) - Britain’s seizure of an Iranian oil tanker off Gibraltar was illegal and will be detrimental for Britain, Iran’s President Hassan Rouhani said on Sunday, according to the official presidency website. 
British forces captured an Iranian oil… [+284 chars]",reuters,Reuters,2019-07-28,11:46:08
91,Alex Lawler,"Hit by sanctions and rising tensions, Iran's oil exports slide in July","Iranian oil exports have dropped in July to as low as 100,000 barrels per day (bpd) due to sanctions and rising tension with the United States and Britain, according to an industry source and tanker data, deepening global supply losses.",https://in.reuters.com/article/oil-iran-exports-idINKCN1UP1RX,https://s4.reutersmedia.net/resources/r/?m=02&d=20190730&t=2&i=1413591311&w=1200&r=LYNXNPEF6T18S,2019-07-30T14:58:31Z,"LONDON (Reuters) - Iranian oil exports have dropped in July to as low as 100,000 barrels per day (bpd) due to sanctions and rising tension with the United States and Britain, according to an industry source and tanker data, deepening global supply losses. 
T… [+3286 chars]",reuters,Reuters,2019-07-30,14:58:31
92,Parisa Hafezi,Iran seizes foreign oil tanker smuggling fuel in Gulf - state media,"Iranian Revolutionary Guards seized a foreign oil tanker in the Gulf that was smuggling fuel and detained seven crewmen, Iran's state media reported on Sunday, in a show of power amid heightened tension with the West.",https://in.reuters.com/article/mideast-iran-tanker-idINKCN1UU08U,https://s4.reutersmedia.net/resources_v2/images/rcom-default.png,2019-08-04T12:31:53Z,"DUBAI (Reuters) - Iranian Revolutionary Guards seized a foreign oil tanker in the Gulf that was smuggling fuel and detained seven crewmen, Iran’s state media reported on Sunday, in a show of power amid heightened tension with the West. 
The vessel was interc… [+4046 chars]",reuters,Reuters,2019-08-04,12:31:53
93,Reuters Editorial,Iran says seized oil tanker in Gulf was an Iraqi vessel - IRNA,"Iran said on Sunday that an oil tanker sized by its elite forces in the Gulf for smuggling fuel was an Iraqi ship, the official IRNA news agency reported.",https://in.reuters.com/article/mideast-iran-tanker-iraq-idINKCN1UU0J5,https://s4.reutersmedia.net/resources_v2/images/rcom-default.png,2019-08-04T16:50:29Z,"DUBAI (Reuters) - Iran said on Sunday that an oil tanker sized by its elite forces in the Gulf for smuggling fuel was an Iraqi ship, the official IRNA news agency reported. 
“The oil tanker that was captured on Wednesday for smuggling Iran’s fuel to other co… [+135 chars]",reuters,Reuters,2019-08-04,16:50:29
94,Reuters Editorial,Stena Bulk tanker seized by Iran could be released soon: Sweden's SVT broadcaster,"Sweden has received ""very strong indications"" that a British oil tanker seized last month by Iran in the Strait of Hormuz is to be released soon, Swedish public service broadcaster SVT reported on Thursday, citing sources within Sweden's foreign ministry.",https://in.reuters.com/article/mideast-iran-tanker-stena-idINKCN1VC26M,https://s3.reutersmedia.net/resources/r/?m=02&d=20190822&t=2&i=1421656890&w=1200&r=LYNXNPEF7L1S6,2019-08-22T17:29:29Z,"STOCKHOLM (Reuters) - Sweden has received “very strong indications” that a British oil tanker seized last month by Iran in the Strait of Hormuz is to be released soon, Swedish public service broadcaster SVT reported on Thursday, citing sources within Sweden’s… [+894 chars]",reuters,Reuters,2019-08-22,17:29:29
95,Reuters Editorial,BP has no plans to take its own tankers through Hormuz,"BP has not taken any of its oil tankers through the Strait of Hormuz since a July 10 attempt by Iran to seize one of its vessels, the British company's Chief Financial Officer Brian Gilvary said on Tuesday.",https://in.reuters.com/article/bp-iran-idINKCN1UP0MH,https://s4.reutersmedia.net/resources_v2/images/rcom-default.png,2019-07-30T07:27:09Z,"LONDON (Reuters) - BP has not taken any of its oil tankers through the Strait of Hormuz since a July 10 attempt by Iran to seize one of its vessels, the British company’s Chief Financial Officer Brian Gilvary said on Tuesday. 
The oil and gas company has no … [+1057 chars]",reuters,Reuters,2019-07-30,07:27:09
96,Reuters Editorial,Britain's seizure of Iranian tanker is violation nuclear deal: Iranian deputy foreign minister,"Britain's seizure of an Iranian oil tanker in Gibraltar is a violation of the 2015 nuclear deal, Abbas Araqchi, a senior member of the team who negotiated the deal and a deputy foreign minister, said on Sunday, according to the ISNA news agency.",https://in.reuters.com/article/mideast-iran-tanker-idINKCN1UN0D7,https://s2.reutersmedia.net/resources/r/?m=02&d=20190728&t=2&i=1412872758&w=1200&r=LYNXNPEF6R08G,2019-07-28T10:56:21Z,"GENEVA (Reuters) - Britain’s seizure of an Iranian oil tanker in Gibraltar is a violation of the 2015 nuclear deal, Abbas Araqchi, a senior member of the team who negotiated the deal and a deputy foreign minister, said on Sunday, according to the ISNA news ag… [+346 chars]",reuters,Reuters,2019-07-28,10:56:21
97,Reuters Editorial,Oil prices rise ahead of expected U.S. interest rate cut,Oil prices extended overnight gains on Tuesday amid widespread expectations the U.S. Federal Reserve will cut interest rates for the first time in more than a decade this week.,https://in.reuters.com/article/us-global-oil-idINKCN1UP01E,https://s4.reutersmedia.net/resources/r/?m=02&d=20190730&t=2&i=1413401138&w=1200&r=LYNXNPEF6T00S,2019-07-30T00:38:29Z,"TOKYO (Reuters) - Oil prices extended overnight gains on Tuesday amid widespread expectations the U.S. Federal Reserve will cut interest rates for the first time in more than a decade this week. 
Brent crude LCOc1 rose 30 cents, or 0.5%, to $64.01 a barrel b… [+1611 chars]",reuters,Reuters,2019-07-30,00:38:29
98,Reuters Editorial,"Grace 1 tanker raises Iranian flag, changes name to 'Adrian Darya-1'","An Iranian tanker caught in a stand-off between Tehran and the West has raised an Iranian flag and has had a new name painted on its side, Reuters images of the stationary vessel filmed off Gibraltar showed on Sunday.",https://in.reuters.com/article/mideast-iran-tanker-gibraltar-idINKCN1V809E,https://s3.reutersmedia.net/resources/r/?m=02&d=20190818&t=2&i=1420167240&w=1200&r=LYNXNPEF7H0CO,2019-08-18T11:04:57Z,"GIBRALTAR (Reuters) - An Iranian tanker caught in a stand-off between Tehran and the West has raised an Iranian flag and has had a new name painted on its side, Reuters images of the stationary vessel filmed off Gibraltar showed on Sunday. 
British Royal Mar… [+1422 chars]",reuters,Reuters,2019-08-18,11:04:57
99,Aaron Sheldrick,Oil prices rise amid expectations that U.S. Fed will cut rates,"Oil prices rose for a fourth day on Tuesday on optimism the U.S. Federal Reserve will this week cut interest rates for the first time in more than ten years, which should support economic and fuel demand growth in the world's biggest oil user.",https://in.reuters.com/article/global-oil-idINKCN1UP01B,https://s2.reutersmedia.net/resources/r/?m=02&d=20190730&t=2&i=1413450325&w=1200&r=LYNXNPEF6T07C,2019-07-30T04:53:38Z,"TOKYO (Reuters) - Oil prices rose for a fourth day on Tuesday on optimism the U.S. Federal Reserve will this week cut interest rates for the first time in more than ten years, which should support economic and fuel demand growth in the world’s biggest oil use… [+2074 chars]",reuters,Reuters,2019-07-30,04:53:38
